{"class": "Open body language", "probability": 0.39, "probabilities_set1": {"Open body language": 1.0, "Neutral body language": 0.0, "Closed body language": 0.0}, "probabilities_set2": {"Smile": 0, "Eye contact": 0, "Space occupation": 0}, "timestamp": "2024-06-28T17:00:44.610380"}
{"class": "Open body language", "probability": 0.35, "probabilities_set1": {"Open body language": 1.0, "Neutral body language": 0.0, "Closed body language": 0.0}, "probabilities_set2": {"Smile": 0, "Eye contact": 0, "Space occupation": 0}, "timestamp": "2024-06-28T17:00:44.668063"}
{"class": "Neutral body language", "probability": 0.33, "probabilities_set1": {"Open body language": 0.6666666666666666, "Neutral body language": 0.3333333333333333, "Closed body language": 0.0}, "probabilities_set2": {"Smile": 0, "Eye contact": 0, "Space occupation": 0}, "timestamp": "2024-06-28T17:00:44.719975"}
{"class": "Neutral body language", "probability": 0.34, "probabilities_set1": {"Open body language": 0.5, "Neutral body language": 0.5, "Closed body language": 0.0}, "probabilities_set2": {"Smile": 0, "Eye contact": 0, "Space occupation": 0}, "timestamp": "2024-06-28T17:00:44.771321"}
{"class": "Neutral body language", "probability": 0.36, "probabilities_set1": {"Open body language": 0.4, "Neutral body language": 0.6, "Closed body language": 0.0}, "probabilities_set2": {"Smile": 0, "Eye contact": 0, "Space occupation": 0}, "timestamp": "2024-06-28T17:00:44.821857"}
{"class": "Open body language", "probability": 0.34, "probabilities_set1": {"Open body language": 0.5, "Neutral body language": 0.5, "Closed body language": 0.0}, "probabilities_set2": {"Smile": 0, "Eye contact": 0, "Space occupation": 0}, "timestamp": "2024-06-28T17:00:44.872690"}
{"class": "Open body language", "probability": 0.35, "probabilities_set1": {"Open body language": 0.5714285714285714, "Neutral body language": 0.42857142857142855, "Closed body language": 0.0}, "probabilities_set2": {"Smile": 0, "Eye contact": 0, "Space occupation": 0}, "timestamp": "2024-06-28T17:00:44.923624"}
{"class": "Open body language", "probability": 0.39, "probabilities_set1": {"Open body language": 0.625, "Neutral body language": 0.375, "Closed body language": 0.0}, "probabilities_set2": {"Smile": 0, "Eye contact": 0, "Space occupation": 0}, "timestamp": "2024-06-28T17:00:44.975410"}
{"class": "Open body language", "probability": 0.39, "probabilities_set1": {"Open body language": 0.6666666666666666, "Neutral body language": 0.3333333333333333, "Closed body language": 0.0}, "probabilities_set2": {"Smile": 0, "Eye contact": 0, "Space occupation": 0}, "timestamp": "2024-06-28T17:00:45.083617"}
{"class": "Open body language", "probability": 0.4, "probabilities_set1": {"Open body language": 0.7, "Neutral body language": 0.3, "Closed body language": 0.0}, "probabilities_set2": {"Smile": 0, "Eye contact": 0, "Space occupation": 0}, "timestamp": "2024-06-28T17:00:45.142210"}
{"class": "Open body language", "probability": 0.39, "probabilities_set1": {"Open body language": 0.7272727272727273, "Neutral body language": 0.2727272727272727, "Closed body language": 0.0}, "probabilities_set2": {"Smile": 0, "Eye contact": 0, "Space occupation": 0}, "timestamp": "2024-06-28T17:00:45.197126"}
{"class": "Open body language", "probability": 0.4, "probabilities_set1": {"Open body language": 0.75, "Neutral body language": 0.25, "Closed body language": 0.0}, "probabilities_set2": {"Smile": 0, "Eye contact": 0, "Space occupation": 0}, "timestamp": "2024-06-28T17:00:45.251416"}
{"class": "Open body language", "probability": 0.4, "probabilities_set1": {"Open body language": 0.7692307692307693, "Neutral body language": 0.23076923076923078, "Closed body language": 0.0}, "probabilities_set2": {"Smile": 0, "Eye contact": 0, "Space occupation": 0}, "timestamp": "2024-06-28T17:00:45.306114"}
{"class": "Open body language", "probability": 0.39, "probabilities_set1": {"Open body language": 0.7857142857142857, "Neutral body language": 0.21428571428571427, "Closed body language": 0.0}, "probabilities_set2": {"Smile": 0, "Eye contact": 0, "Space occupation": 0}, "timestamp": "2024-06-28T17:00:45.360493"}
{"class": "Open body language", "probability": 0.39, "probabilities_set1": {"Open body language": 0.8, "Neutral body language": 0.2, "Closed body language": 0.0}, "probabilities_set2": {"Smile": 0, "Eye contact": 0, "Space occupation": 0}, "timestamp": "2024-06-28T17:00:45.415696"}
{"class": "Open body language", "probability": 0.4, "probabilities_set1": {"Open body language": 0.8125, "Neutral body language": 0.1875, "Closed body language": 0.0}, "probabilities_set2": {"Smile": 0, "Eye contact": 0, "Space occupation": 0}, "timestamp": "2024-06-28T17:00:45.499406"}
{"class": "Open body language", "probability": 0.39, "probabilities_set1": {"Open body language": 0.8235294117647058, "Neutral body language": 0.17647058823529413, "Closed body language": 0.0}, "probabilities_set2": {"Smile": 0, "Eye contact": 0, "Space occupation": 0}, "timestamp": "2024-06-28T17:00:45.554942"}
{"class": "Open body language", "probability": 0.4, "probabilities_set1": {"Open body language": 0.8333333333333334, "Neutral body language": 0.16666666666666666, "Closed body language": 0.0}, "probabilities_set2": {"Smile": 0, "Eye contact": 0, "Space occupation": 0}, "timestamp": "2024-06-28T17:00:45.611510"}
{"class": "Open body language", "probability": 0.4, "probabilities_set1": {"Open body language": 0.8421052631578947, "Neutral body language": 0.15789473684210525, "Closed body language": 0.0}, "probabilities_set2": {"Smile": 0, "Eye contact": 0, "Space occupation": 0}, "timestamp": "2024-06-28T17:00:45.665535"}
{"class": "Open body language", "probability": 0.4, "probabilities_set1": {"Open body language": 0.85, "Neutral body language": 0.15, "Closed body language": 0.0}, "probabilities_set2": {"Smile": 0, "Eye contact": 0, "Space occupation": 0}, "timestamp": "2024-06-28T17:00:45.719117"}
{"class": "Open body language", "probability": 0.39, "probabilities_set1": {"Open body language": 0.8571428571428571, "Neutral body language": 0.14285714285714285, "Closed body language": 0.0}, "probabilities_set2": {"Smile": 0, "Eye contact": 0, "Space occupation": 0}, "timestamp": "2024-06-28T17:00:45.771687"}
{"class": "Open body language", "probability": 0.4, "probabilities_set1": {"Open body language": 0.8636363636363636, "Neutral body language": 0.13636363636363635, "Closed body language": 0.0}, "probabilities_set2": {"Smile": 0, "Eye contact": 0, "Space occupation": 0}, "timestamp": "2024-06-28T17:00:45.825085"}
{"class": "Open body language", "probability": 0.39, "probabilities_set1": {"Open body language": 0.8695652173913043, "Neutral body language": 0.13043478260869565, "Closed body language": 0.0}, "probabilities_set2": {"Smile": 0, "Eye contact": 0, "Space occupation": 0}, "timestamp": "2024-06-28T17:00:45.879649"}
{"class": "Open body language", "probability": 0.39, "probabilities_set1": {"Open body language": 0.875, "Neutral body language": 0.125, "Closed body language": 0.0}, "probabilities_set2": {"Smile": 0, "Eye contact": 0, "Space occupation": 0}, "timestamp": "2024-06-28T17:00:45.934147"}
{"class": "Open body language", "probability": 0.39, "probabilities_set1": {"Open body language": 0.88, "Neutral body language": 0.12, "Closed body language": 0.0}, "probabilities_set2": {"Smile": 0, "Eye contact": 0, "Space occupation": 0}, "timestamp": "2024-06-28T17:00:46.015693"}
{"class": "Open body language", "probability": 0.39, "probabilities_set1": {"Open body language": 0.8846153846153846, "Neutral body language": 0.11538461538461539, "Closed body language": 0.0}, "probabilities_set2": {"Smile": 0, "Eye contact": 0, "Space occupation": 0}, "timestamp": "2024-06-28T17:00:46.091898"}
{"class": "Open body language", "probability": 0.39, "probabilities_set1": {"Open body language": 0.8888888888888888, "Neutral body language": 0.1111111111111111, "Closed body language": 0.0}, "probabilities_set2": {"Smile": 0, "Eye contact": 0, "Space occupation": 0}, "timestamp": "2024-06-28T17:00:46.328852"}
{"class": "Open body language", "probability": 0.35, "probabilities_set1": {"Open body language": 0.8928571428571429, "Neutral body language": 0.10714285714285714, "Closed body language": 0.0}, "probabilities_set2": {"Smile": 0, "Eye contact": 0, "Space occupation": 0}, "timestamp": "2024-06-28T17:00:46.459954"}
{"class": "Neutral body language", "probability": 0.33, "probabilities_set1": {"Open body language": 0.8620689655172413, "Neutral body language": 0.13793103448275862, "Closed body language": 0.0}, "probabilities_set2": {"Smile": 0, "Eye contact": 0, "Space occupation": 0}, "timestamp": "2024-06-28T17:00:46.527313"}
{"class": "Neutral body language", "probability": 0.34, "probabilities_set1": {"Open body language": 0.8333333333333334, "Neutral body language": 0.16666666666666666, "Closed body language": 0.0}, "probabilities_set2": {"Smile": 0, "Eye contact": 0, "Space occupation": 0}, "timestamp": "2024-06-28T17:00:46.582290"}
{"class": "Neutral body language", "probability": 0.36, "probabilities_set1": {"Open body language": 0.8064516129032258, "Neutral body language": 0.1935483870967742, "Closed body language": 0.0}, "probabilities_set2": {"Smile": 0, "Eye contact": 0, "Space occupation": 0}, "timestamp": "2024-06-28T17:00:46.635278"}
{"class": "Open body language", "probability": 0.34, "probabilities_set1": {"Open body language": 0.8125, "Neutral body language": 0.1875, "Closed body language": 0.0}, "probabilities_set2": {"Smile": 0, "Eye contact": 0, "Space occupation": 0}, "timestamp": "2024-06-28T17:00:46.689505"}
{"class": "Open body language", "probability": 0.35, "probabilities_set1": {"Open body language": 0.8181818181818182, "Neutral body language": 0.18181818181818182, "Closed body language": 0.0}, "probabilities_set2": {"Smile": 0, "Eye contact": 0, "Space occupation": 0}, "timestamp": "2024-06-28T17:00:46.744305"}
{"class": "Open body language", "probability": 0.39, "probabilities_set1": {"Open body language": 0.8235294117647058, "Neutral body language": 0.17647058823529413, "Closed body language": 0.0}, "probabilities_set2": {"Smile": 0, "Eye contact": 0, "Space occupation": 0}, "timestamp": "2024-06-28T17:00:46.797005"}
{"class": "Open body language", "probability": 0.39, "probabilities_set1": {"Open body language": 0.8285714285714286, "Neutral body language": 0.17142857142857143, "Closed body language": 0.0}, "probabilities_set2": {"Smile": 0, "Eye contact": 0, "Space occupation": 0}, "timestamp": "2024-06-28T17:00:46.849640"}
{"class": "Open body language", "probability": 0.4, "probabilities_set1": {"Open body language": 0.8333333333333334, "Neutral body language": 0.16666666666666666, "Closed body language": 0.0}, "probabilities_set2": {"Smile": 0, "Eye contact": 0, "Space occupation": 0}, "timestamp": "2024-06-28T17:00:46.901356"}
{"class": "Open body language", "probability": 0.39, "probabilities_set1": {"Open body language": 0.8378378378378378, "Neutral body language": 0.16216216216216217, "Closed body language": 0.0}, "probabilities_set2": {"Smile": 0, "Eye contact": 0, "Space occupation": 0}, "timestamp": "2024-06-28T17:00:46.952102"}
{"class": "Open body language", "probability": 0.4, "probabilities_set1": {"Open body language": 0.8421052631578947, "Neutral body language": 0.15789473684210525, "Closed body language": 0.0}, "probabilities_set2": {"Smile": 0, "Eye contact": 0, "Space occupation": 0}, "timestamp": "2024-06-28T17:00:47.002948"}
{"class": "Open body language", "probability": 0.4, "probabilities_set1": {"Open body language": 0.8461538461538461, "Neutral body language": 0.15384615384615385, "Closed body language": 0.0}, "probabilities_set2": {"Smile": 0, "Eye contact": 0, "Space occupation": 0}, "timestamp": "2024-06-28T17:00:47.053080"}
{"class": "Open body language", "probability": 0.39, "probabilities_set1": {"Open body language": 0.85, "Neutral body language": 0.15, "Closed body language": 0.0}, "probabilities_set2": {"Smile": 0, "Eye contact": 0, "Space occupation": 0}, "timestamp": "2024-06-28T17:00:47.103382"}
{"class": "Open body language", "probability": 0.39, "probabilities_set1": {"Open body language": 0.8536585365853658, "Neutral body language": 0.14634146341463414, "Closed body language": 0.0}, "probabilities_set2": {"Smile": 0, "Eye contact": 0, "Space occupation": 0}, "timestamp": "2024-06-28T17:00:47.160646"}
{"class": "Open body language", "probability": 0.4, "probabilities_set1": {"Open body language": 0.8571428571428571, "Neutral body language": 0.14285714285714285, "Closed body language": 0.0}, "probabilities_set2": {"Smile": 0, "Eye contact": 0, "Space occupation": 0}, "timestamp": "2024-06-28T17:00:47.213802"}
{"class": "Open body language", "probability": 0.39, "probabilities_set1": {"Open body language": 0.8604651162790697, "Neutral body language": 0.13953488372093023, "Closed body language": 0.0}, "probabilities_set2": {"Smile": 0, "Eye contact": 0, "Space occupation": 0}, "timestamp": "2024-06-28T17:00:47.265721"}
{"class": "Open body language", "probability": 0.4, "probabilities_set1": {"Open body language": 0.8636363636363636, "Neutral body language": 0.13636363636363635, "Closed body language": 0.0}, "probabilities_set2": {"Smile": 0, "Eye contact": 0, "Space occupation": 0}, "timestamp": "2024-06-28T17:00:47.317449"}
{"class": "Open body language", "probability": 0.4, "probabilities_set1": {"Open body language": 0.8666666666666667, "Neutral body language": 0.13333333333333333, "Closed body language": 0.0}, "probabilities_set2": {"Smile": 0, "Eye contact": 0, "Space occupation": 0}, "timestamp": "2024-06-28T17:00:47.369763"}
{"class": "Open body language", "probability": 0.4, "probabilities_set1": {"Open body language": 0.8695652173913043, "Neutral body language": 0.13043478260869565, "Closed body language": 0.0}, "probabilities_set2": {"Smile": 0, "Eye contact": 0, "Space occupation": 0}, "timestamp": "2024-06-28T17:00:47.423722"}
{"class": "Open body language", "probability": 0.39, "probabilities_set1": {"Open body language": 0.8723404255319149, "Neutral body language": 0.1276595744680851, "Closed body language": 0.0}, "probabilities_set2": {"Smile": 0, "Eye contact": 0, "Space occupation": 0}, "timestamp": "2024-06-28T17:00:47.478023"}
{"class": "Open body language", "probability": 0.4, "probabilities_set1": {"Open body language": 0.875, "Neutral body language": 0.125, "Closed body language": 0.0}, "probabilities_set2": {"Smile": 0, "Eye contact": 0, "Space occupation": 0}, "timestamp": "2024-06-28T17:00:47.557401"}
{"class": "Open body language", "probability": 0.39, "probabilities_set1": {"Open body language": 0.8775510204081632, "Neutral body language": 0.12244897959183673, "Closed body language": 0.0}, "probabilities_set2": {"Smile": 0, "Eye contact": 0, "Space occupation": 0}, "timestamp": "2024-06-28T17:00:47.612629"}
{"class": "Open body language", "probability": 0.39, "probabilities_set1": {"Open body language": 0.88, "Neutral body language": 0.12, "Closed body language": 0.0}, "probabilities_set2": {"Smile": 0, "Eye contact": 0, "Space occupation": 0}, "timestamp": "2024-06-28T17:00:47.667636"}
{"class": "Open body language", "probability": 0.39, "probabilities_set1": {"Open body language": 0.8823529411764706, "Neutral body language": 0.11764705882352941, "Closed body language": 0.0}, "probabilities_set2": {"Smile": 0, "Eye contact": 0, "Space occupation": 0}, "timestamp": "2024-06-28T17:00:47.722412"}
{"class": "Open body language", "probability": 0.39, "probabilities_set1": {"Open body language": 0.8846153846153846, "Neutral body language": 0.11538461538461539, "Closed body language": 0.0}, "probabilities_set2": {"Smile": 0, "Eye contact": 0, "Space occupation": 0}, "timestamp": "2024-06-28T17:00:47.777414"}
{"class": "Open body language", "probability": 0.39, "probabilities_set1": {"Open body language": 0.8867924528301887, "Neutral body language": 0.11320754716981132, "Closed body language": 0.0}, "probabilities_set2": {"Smile": 0, "Eye contact": 0, "Space occupation": 0}, "timestamp": "2024-06-28T17:00:47.830729"}
{"class": "Open body language", "probability": 0.4, "probabilities_set1": {"Open body language": 0.8888888888888888, "Neutral body language": 0.1111111111111111, "Closed body language": 0.0}, "probabilities_set2": {"Smile": 0, "Eye contact": 0, "Space occupation": 0}, "timestamp": "2024-06-28T17:00:47.888113"}
{"class": "Open body language", "probability": 0.4, "probabilities_set1": {"Open body language": 0.8909090909090909, "Neutral body language": 0.10909090909090909, "Closed body language": 0.0}, "probabilities_set2": {"Smile": 0, "Eye contact": 0, "Space occupation": 0}, "timestamp": "2024-06-28T17:00:47.941372"}
{"class": "Open body language", "probability": 0.4, "probabilities_set1": {"Open body language": 0.8928571428571429, "Neutral body language": 0.10714285714285714, "Closed body language": 0.0}, "probabilities_set2": {"Smile": 0, "Eye contact": 0, "Space occupation": 0}, "timestamp": "2024-06-28T17:00:47.995022"}
{"class": "Open body language", "probability": 0.4, "probabilities_set1": {"Open body language": 0.8947368421052632, "Neutral body language": 0.10526315789473684, "Closed body language": 0.0}, "probabilities_set2": {"Smile": 0, "Eye contact": 0, "Space occupation": 0}, "timestamp": "2024-06-28T17:00:48.048022"}
{"class": "Open body language", "probability": 0.4, "probabilities_set1": {"Open body language": 0.896551724137931, "Neutral body language": 0.10344827586206896, "Closed body language": 0.0}, "probabilities_set2": {"Smile": 0, "Eye contact": 0, "Space occupation": 0}, "timestamp": "2024-06-28T17:00:48.100986"}
{"class": "Open body language", "probability": 0.4, "probabilities_set1": {"Open body language": 0.8983050847457628, "Neutral body language": 0.1016949152542373, "Closed body language": 0.0}, "probabilities_set2": {"Smile": 0, "Eye contact": 0, "Space occupation": 0}, "timestamp": "2024-06-28T17:00:48.152774"}
{"class": "Open body language", "probability": 0.4, "probabilities_set1": {"Open body language": 0.9, "Neutral body language": 0.1, "Closed body language": 0.0}, "probabilities_set2": {"Smile": 0, "Eye contact": 0, "Space occupation": 0}, "timestamp": "2024-06-28T17:00:48.204628"}
{"class": "Open body language", "probability": 0.4, "probabilities_set1": {"Open body language": 0.9016393442622951, "Neutral body language": 0.09836065573770492, "Closed body language": 0.0}, "probabilities_set2": {"Smile": 0, "Eye contact": 0, "Space occupation": 0}, "timestamp": "2024-06-28T17:00:48.255369"}
{"class": "Open body language", "probability": 0.4, "probabilities_set1": {"Open body language": 0.9032258064516129, "Neutral body language": 0.0967741935483871, "Closed body language": 0.0}, "probabilities_set2": {"Smile": 0, "Eye contact": 0, "Space occupation": 0}, "timestamp": "2024-06-28T17:00:48.305787"}
{"class": "Open body language", "probability": 0.4, "probabilities_set1": {"Open body language": 0.9047619047619048, "Neutral body language": 0.09523809523809523, "Closed body language": 0.0}, "probabilities_set2": {"Smile": 0, "Eye contact": 0, "Space occupation": 0}, "timestamp": "2024-06-28T17:00:48.356380"}
{"class": "Open body language", "probability": 0.4, "probabilities_set1": {"Open body language": 0.90625, "Neutral body language": 0.09375, "Closed body language": 0.0}, "probabilities_set2": {"Smile": 0, "Eye contact": 0, "Space occupation": 0}, "timestamp": "2024-06-28T17:00:48.408570"}
{"class": "Open body language", "probability": 0.4, "probabilities_set1": {"Open body language": 0.9076923076923077, "Neutral body language": 0.09230769230769231, "Closed body language": 0.0}, "probabilities_set2": {"Smile": 0, "Eye contact": 0, "Space occupation": 0}, "timestamp": "2024-06-28T17:00:48.460384"}
{"class": "Open body language", "probability": 0.4, "probabilities_set1": {"Open body language": 0.9090909090909091, "Neutral body language": 0.09090909090909091, "Closed body language": 0.0}, "probabilities_set2": {"Smile": 0, "Eye contact": 0, "Space occupation": 0}, "timestamp": "2024-06-28T17:00:48.541355"}
{"class": "Open body language", "probability": 0.4, "probabilities_set1": {"Open body language": 0.9104477611940298, "Neutral body language": 0.08955223880597014, "Closed body language": 0.0}, "probabilities_set2": {"Smile": 0, "Eye contact": 0, "Space occupation": 0}, "timestamp": "2024-06-28T17:00:48.594758"}
{"class": "Open body language", "probability": 0.4, "probabilities_set1": {"Open body language": 0.9117647058823529, "Neutral body language": 0.08823529411764706, "Closed body language": 0.0}, "probabilities_set2": {"Smile": 0, "Eye contact": 0, "Space occupation": 0}, "timestamp": "2024-06-28T17:00:48.645823"}
{"class": "Open body language", "probability": 0.39, "probabilities_set1": {"Open body language": 0.9130434782608695, "Neutral body language": 0.08695652173913043, "Closed body language": 0.0}, "probabilities_set2": {"Smile": 0, "Eye contact": 0, "Space occupation": 0}, "timestamp": "2024-06-28T17:00:48.696377"}
{"class": "Open body language", "probability": 0.39, "probabilities_set1": {"Open body language": 0.9142857142857143, "Neutral body language": 0.08571428571428572, "Closed body language": 0.0}, "probabilities_set2": {"Smile": 0, "Eye contact": 0, "Space occupation": 0}, "timestamp": "2024-06-28T17:00:48.779049"}
{"class": "Open body language", "probability": 0.39, "probabilities_set1": {"Open body language": 0.9154929577464789, "Neutral body language": 0.08450704225352113, "Closed body language": 0.0}, "probabilities_set2": {"Smile": 0, "Eye contact": 0, "Space occupation": 0}, "timestamp": "2024-06-28T17:00:48.830047"}
{"class": "Open body language", "probability": 0.39, "probabilities_set1": {"Open body language": 0.9166666666666666, "Neutral body language": 0.08333333333333333, "Closed body language": 0.0}, "probabilities_set2": {"Smile": 0, "Eye contact": 0, "Space occupation": 0}, "timestamp": "2024-06-28T17:00:48.880759"}
{"class": "Open body language", "probability": 0.39, "probabilities_set1": {"Open body language": 0.9178082191780822, "Neutral body language": 0.0821917808219178, "Closed body language": 0.0}, "probabilities_set2": {"Smile": 0, "Eye contact": 0, "Space occupation": 0}, "timestamp": "2024-06-28T17:00:48.931947"}
{"class": "Open body language", "probability": 0.39, "probabilities_set1": {"Open body language": 0.918918918918919, "Neutral body language": 0.08108108108108109, "Closed body language": 0.0}, "probabilities_set2": {"Smile": 0, "Eye contact": 0, "Space occupation": 0}, "timestamp": "2024-06-28T17:00:48.982560"}
{"class": "Open body language", "probability": 0.38, "probabilities_set1": {"Open body language": 0.92, "Neutral body language": 0.08, "Closed body language": 0.0}, "probabilities_set2": {"Smile": 0, "Eye contact": 0, "Space occupation": 0}, "timestamp": "2024-06-28T17:00:49.033283"}
{"class": "Open body language", "probability": 0.38, "probabilities_set1": {"Open body language": 0.9210526315789473, "Neutral body language": 0.07894736842105263, "Closed body language": 0.0}, "probabilities_set2": {"Smile": 0, "Eye contact": 0, "Space occupation": 0}, "timestamp": "2024-06-28T17:00:49.086239"}
{"class": "Open body language", "probability": 0.38, "probabilities_set1": {"Open body language": 0.922077922077922, "Neutral body language": 0.07792207792207792, "Closed body language": 0.0}, "probabilities_set2": {"Smile": 0, "Eye contact": 0, "Space occupation": 0}, "timestamp": "2024-06-28T17:00:49.138541"}
{"class": "Open body language", "probability": 0.38, "probabilities_set1": {"Open body language": 0.9230769230769231, "Neutral body language": 0.07692307692307693, "Closed body language": 0.0}, "probabilities_set2": {"Smile": 0, "Eye contact": 0, "Space occupation": 0}, "timestamp": "2024-06-28T17:00:49.191489"}
{"class": "Open body language", "probability": 0.38, "probabilities_set1": {"Open body language": 0.9240506329113924, "Neutral body language": 0.0759493670886076, "Closed body language": 0.0}, "probabilities_set2": {"Smile": 0, "Eye contact": 0, "Space occupation": 0}, "timestamp": "2024-06-28T17:00:49.248242"}
{"class": "Open body language", "probability": 0.4, "probabilities_set1": {"Open body language": 0.925, "Neutral body language": 0.075, "Closed body language": 0.0}, "probabilities_set2": {"Smile": 0, "Eye contact": 0, "Space occupation": 0}, "timestamp": "2024-06-28T17:00:49.299696"}
{"class": "Open body language", "probability": 0.41, "probabilities_set1": {"Open body language": 0.9259259259259259, "Neutral body language": 0.07407407407407407, "Closed body language": 0.0}, "probabilities_set2": {"Smile": 0, "Eye contact": 0, "Space occupation": 0}, "timestamp": "2024-06-28T17:00:49.350478"}
{"class": "Open body language", "probability": 0.42, "probabilities_set1": {"Open body language": 0.926829268292683, "Neutral body language": 0.07317073170731707, "Closed body language": 0.0}, "probabilities_set2": {"Smile": 0, "Eye contact": 0, "Space occupation": 0}, "timestamp": "2024-06-28T17:00:49.401442"}
{"class": "Open body language", "probability": 0.42, "probabilities_set1": {"Open body language": 0.927710843373494, "Neutral body language": 0.07228915662650602, "Closed body language": 0.0}, "probabilities_set2": {"Smile": 0, "Eye contact": 0, "Space occupation": 0}, "timestamp": "2024-06-28T17:00:49.452030"}
{"class": "Open body language", "probability": 0.42, "probabilities_set1": {"Open body language": 0.9285714285714286, "Neutral body language": 0.07142857142857142, "Closed body language": 0.0}, "probabilities_set2": {"Smile": 0, "Eye contact": 0, "Space occupation": 0}, "timestamp": "2024-06-28T17:00:49.503650"}
{"class": "Open body language", "probability": 0.42, "probabilities_set1": {"Open body language": 0.9294117647058824, "Neutral body language": 0.07058823529411765, "Closed body language": 0.0}, "probabilities_set2": {"Smile": 0, "Eye contact": 0, "Space occupation": 0}, "timestamp": "2024-06-28T17:00:49.557858"}
{"class": "Open body language", "probability": 0.41, "probabilities_set1": {"Open body language": 0.9302325581395349, "Neutral body language": 0.06976744186046512, "Closed body language": 0.0}, "probabilities_set2": {"Smile": 0, "Eye contact": 0, "Space occupation": 0}, "timestamp": "2024-06-28T17:00:49.614540"}
{"class": "Open body language", "probability": 0.42, "probabilities_set1": {"Open body language": 0.9310344827586207, "Neutral body language": 0.06896551724137931, "Closed body language": 0.0}, "probabilities_set2": {"Smile": 0, "Eye contact": 0, "Space occupation": 0}, "timestamp": "2024-06-28T17:00:49.668017"}
{"class": "Open body language", "probability": 0.42, "probabilities_set1": {"Open body language": 0.9318181818181818, "Neutral body language": 0.06818181818181818, "Closed body language": 0.0}, "probabilities_set2": {"Smile": 0, "Eye contact": 0, "Space occupation": 0}, "timestamp": "2024-06-28T17:00:49.720791"}
{"class": "Open body language", "probability": 0.41, "probabilities_set1": {"Open body language": 0.9325842696629213, "Neutral body language": 0.06741573033707865, "Closed body language": 0.0}, "probabilities_set2": {"Smile": 0, "Eye contact": 0, "Space occupation": 0}, "timestamp": "2024-06-28T17:00:49.773599"}
{"class": "Open body language", "probability": 0.41, "probabilities_set1": {"Open body language": 0.9333333333333333, "Neutral body language": 0.06666666666666667, "Closed body language": 0.0}, "probabilities_set2": {"Smile": 0, "Eye contact": 0, "Space occupation": 0}, "timestamp": "2024-06-28T17:00:49.825772"}
{"class": "Open body language", "probability": 0.4, "probabilities_set1": {"Open body language": 0.9340659340659341, "Neutral body language": 0.06593406593406594, "Closed body language": 0.0}, "probabilities_set2": {"Smile": 0, "Eye contact": 0, "Space occupation": 0}, "timestamp": "2024-06-28T17:00:49.879097"}
{"class": "Open body language", "probability": 0.41, "probabilities_set1": {"Open body language": 0.9347826086956522, "Neutral body language": 0.06521739130434782, "Closed body language": 0.0}, "probabilities_set2": {"Smile": 0, "Eye contact": 0, "Space occupation": 0}, "timestamp": "2024-06-28T17:00:49.932939"}
{"class": "Open body language", "probability": 0.41, "probabilities_set1": {"Open body language": 0.9354838709677419, "Neutral body language": 0.06451612903225806, "Closed body language": 0.0}, "probabilities_set2": {"Smile": 0, "Eye contact": 0, "Space occupation": 0}, "timestamp": "2024-06-28T17:00:49.986618"}
{"class": "Open body language", "probability": 0.41, "probabilities_set1": {"Open body language": 0.9361702127659575, "Neutral body language": 0.06382978723404255, "Closed body language": 0.0}, "probabilities_set2": {"Smile": 0, "Eye contact": 0, "Space occupation": 0}, "timestamp": "2024-06-28T17:00:50.039565"}
{"class": "Open body language", "probability": 0.42, "probabilities_set1": {"Open body language": 0.9368421052631579, "Neutral body language": 0.06315789473684211, "Closed body language": 0.0}, "probabilities_set2": {"Smile": 0, "Eye contact": 0, "Space occupation": 0}, "timestamp": "2024-06-28T17:00:50.091404"}
{"class": "Open body language", "probability": 0.42, "probabilities_set1": {"Open body language": 0.9375, "Neutral body language": 0.0625, "Closed body language": 0.0}, "probabilities_set2": {"Smile": 0, "Eye contact": 0, "Space occupation": 0}, "timestamp": "2024-06-28T17:00:50.144063"}
{"class": "Open body language", "probability": 0.42, "probabilities_set1": {"Open body language": 0.9381443298969072, "Neutral body language": 0.061855670103092786, "Closed body language": 0.0}, "probabilities_set2": {"Smile": 0, "Eye contact": 0, "Space occupation": 0}, "timestamp": "2024-06-28T17:00:50.197919"}
{"class": "Open body language", "probability": 0.42, "probabilities_set1": {"Open body language": 0.9387755102040817, "Neutral body language": 0.061224489795918366, "Closed body language": 0.0}, "probabilities_set2": {"Smile": 0, "Eye contact": 0, "Space occupation": 0}, "timestamp": "2024-06-28T17:00:50.250840"}
{"class": "Open body language", "probability": 0.41, "probabilities_set1": {"Open body language": 0.9393939393939394, "Neutral body language": 0.06060606060606061, "Closed body language": 0.0}, "probabilities_set2": {"Smile": 0, "Eye contact": 0, "Space occupation": 0}, "timestamp": "2024-06-28T17:00:50.303248"}
{"class": "Open body language", "probability": 0.42, "probabilities_set1": {"Open body language": 0.94, "Neutral body language": 0.06, "Closed body language": 0.0}, "probabilities_set2": {"Smile": 0, "Eye contact": 0, "Space occupation": 0}, "timestamp": "2024-06-28T17:00:50.356257"}
{"class": "Open body language", "probability": 0.42, "probabilities_set1": {"Open body language": 0.9405940594059405, "Neutral body language": 0.0594059405940594, "Closed body language": 0.0}, "probabilities_set2": {"Smile": 0, "Eye contact": 0, "Space occupation": 0}, "timestamp": "2024-06-28T17:00:50.408707"}
{"class": "Open body language", "probability": 0.42, "probabilities_set1": {"Open body language": 0.9411764705882353, "Neutral body language": 0.058823529411764705, "Closed body language": 0.0}, "probabilities_set2": {"Smile": 0, "Eye contact": 0, "Space occupation": 0}, "timestamp": "2024-06-28T17:00:50.461648"}
{"class": "Open body language", "probability": 0.42, "probabilities_set1": {"Open body language": 0.941747572815534, "Neutral body language": 0.05825242718446602, "Closed body language": 0.0}, "probabilities_set2": {"Smile": 0, "Eye contact": 0, "Space occupation": 0}, "timestamp": "2024-06-28T17:00:50.513843"}
{"class": "Open body language", "probability": 0.41, "probabilities_set1": {"Open body language": 0.9423076923076923, "Neutral body language": 0.057692307692307696, "Closed body language": 0.0}, "probabilities_set2": {"Smile": 0, "Eye contact": 0, "Space occupation": 0}, "timestamp": "2024-06-28T17:00:50.565175"}
{"class": "Open body language", "probability": 0.42, "probabilities_set1": {"Open body language": 0.9428571428571428, "Neutral body language": 0.05714285714285714, "Closed body language": 0.0}, "probabilities_set2": {"Smile": 0, "Eye contact": 0, "Space occupation": 0}, "timestamp": "2024-06-28T17:00:50.618421"}
{"class": "Open body language", "probability": 0.41, "probabilities_set1": {"Open body language": 0.9433962264150944, "Neutral body language": 0.05660377358490566, "Closed body language": 0.0}, "probabilities_set2": {"Smile": 0, "Eye contact": 0, "Space occupation": 0}, "timestamp": "2024-06-28T17:00:50.670100"}
{"class": "Open body language", "probability": 0.41, "probabilities_set1": {"Open body language": 0.9439252336448598, "Neutral body language": 0.056074766355140186, "Closed body language": 0.0}, "probabilities_set2": {"Smile": 0, "Eye contact": 0, "Space occupation": 0}, "timestamp": "2024-06-28T17:00:50.720798"}
{"class": "Open body language", "probability": 0.4, "probabilities_set1": {"Open body language": 0.9444444444444444, "Neutral body language": 0.05555555555555555, "Closed body language": 0.0}, "probabilities_set2": {"Smile": 0, "Eye contact": 0, "Space occupation": 0}, "timestamp": "2024-06-28T17:00:50.772086"}
{"class": "Open body language", "probability": 0.41, "probabilities_set1": {"Open body language": 0.944954128440367, "Neutral body language": 0.05504587155963303, "Closed body language": 0.0}, "probabilities_set2": {"Smile": 0, "Eye contact": 0, "Space occupation": 0}, "timestamp": "2024-06-28T17:00:50.823424"}
{"class": "Open body language", "probability": 0.41, "probabilities_set1": {"Open body language": 0.9454545454545454, "Neutral body language": 0.05454545454545454, "Closed body language": 0.0}, "probabilities_set2": {"Smile": 0, "Eye contact": 0, "Space occupation": 0}, "timestamp": "2024-06-28T17:00:50.874253"}
{"class": "Open body language", "probability": 0.4, "probabilities_set1": {"Open body language": 0.9459459459459459, "Neutral body language": 0.05405405405405406, "Closed body language": 0.0}, "probabilities_set2": {"Smile": 0, "Eye contact": 0, "Space occupation": 0}, "timestamp": "2024-06-28T17:00:50.925558"}
{"class": "Open body language", "probability": 0.42, "probabilities_set1": {"Open body language": 0.9464285714285714, "Neutral body language": 0.05357142857142857, "Closed body language": 0.0}, "probabilities_set2": {"Smile": 0, "Eye contact": 0, "Space occupation": 0}, "timestamp": "2024-06-28T17:00:50.977682"}
{"class": "Open body language", "probability": 0.42, "probabilities_set1": {"Open body language": 0.9469026548672567, "Neutral body language": 0.05309734513274336, "Closed body language": 0.0}, "probabilities_set2": {"Smile": 0, "Eye contact": 0, "Space occupation": 0}, "timestamp": "2024-06-28T17:00:51.031101"}
{"class": "Open body language", "probability": 0.42, "probabilities_set1": {"Open body language": 0.9473684210526315, "Neutral body language": 0.05263157894736842, "Closed body language": 0.0}, "probabilities_set2": {"Smile": 0, "Eye contact": 0, "Space occupation": 0}, "timestamp": "2024-06-28T17:00:51.083064"}
{"class": "Open body language", "probability": 0.42, "probabilities_set1": {"Open body language": 0.9478260869565217, "Neutral body language": 0.05217391304347826, "Closed body language": 0.0}, "probabilities_set2": {"Smile": 0, "Eye contact": 0, "Space occupation": 0}, "timestamp": "2024-06-28T17:00:51.133946"}
{"class": "Open body language", "probability": 0.42, "probabilities_set1": {"Open body language": 0.9482758620689655, "Neutral body language": 0.05172413793103448, "Closed body language": 0.0}, "probabilities_set2": {"Smile": 0, "Eye contact": 0, "Space occupation": 0}, "timestamp": "2024-06-28T17:00:51.185033"}
{"class": "Open body language", "probability": 0.42, "probabilities_set1": {"Open body language": 0.9487179487179487, "Neutral body language": 0.05128205128205128, "Closed body language": 0.0}, "probabilities_set2": {"Smile": 0, "Eye contact": 0, "Space occupation": 0}, "timestamp": "2024-06-28T17:00:51.237952"}
{"class": "Open body language", "probability": 0.42, "probabilities_set1": {"Open body language": 0.9491525423728814, "Neutral body language": 0.05084745762711865, "Closed body language": 0.0}, "probabilities_set2": {"Smile": 0, "Eye contact": 0, "Space occupation": 0}, "timestamp": "2024-06-28T17:00:51.291485"}
{"class": "Open body language", "probability": 0.42, "probabilities_set1": {"Open body language": 0.9495798319327731, "Neutral body language": 0.05042016806722689, "Closed body language": 0.0}, "probabilities_set2": {"Smile": 0, "Eye contact": 0, "Space occupation": 0}, "timestamp": "2024-06-28T17:00:51.344370"}
{"class": "Open body language", "probability": 0.42, "probabilities_set1": {"Open body language": 0.95, "Neutral body language": 0.05, "Closed body language": 0.0}, "probabilities_set2": {"Smile": 0, "Eye contact": 0, "Space occupation": 0}, "timestamp": "2024-06-28T17:00:51.395871"}
{"class": "Open body language", "probability": 0.42, "probabilities_set1": {"Open body language": 0.9504132231404959, "Neutral body language": 0.049586776859504134, "Closed body language": 0.0}, "probabilities_set2": {"Smile": 0, "Eye contact": 0, "Space occupation": 0}, "timestamp": "2024-06-28T17:00:51.446858"}
{"class": "Open body language", "probability": 0.41, "probabilities_set1": {"Open body language": 0.9508196721311475, "Neutral body language": 0.04918032786885246, "Closed body language": 0.0}, "probabilities_set2": {"Smile": 0, "Eye contact": 0, "Space occupation": 0}, "timestamp": "2024-06-28T17:00:51.497699"}
{"class": "Open body language", "probability": 0.41, "probabilities_set1": {"Open body language": 0.9512195121951219, "Neutral body language": 0.04878048780487805, "Closed body language": 0.0}, "probabilities_set2": {"Smile": 0, "Eye contact": 0, "Space occupation": 0}, "timestamp": "2024-06-28T17:00:51.550231"}
{"class": "Open body language", "probability": 0.4, "probabilities_set1": {"Open body language": 0.9516129032258065, "Neutral body language": 0.04838709677419355, "Closed body language": 0.0}, "probabilities_set2": {"Smile": 0, "Eye contact": 0, "Space occupation": 0}, "timestamp": "2024-06-28T17:00:51.602004"}
{"class": "Open body language", "probability": 0.4, "probabilities_set1": {"Open body language": 0.952, "Neutral body language": 0.048, "Closed body language": 0.0}, "probabilities_set2": {"Smile": 0, "Eye contact": 0, "Space occupation": 0}, "timestamp": "2024-06-28T17:00:51.660897"}
{"class": "Open body language", "probability": 0.39, "probabilities_set1": {"Open body language": 0.9523809523809523, "Neutral body language": 0.047619047619047616, "Closed body language": 0.0}, "probabilities_set2": {"Smile": 0, "Eye contact": 0, "Space occupation": 0}, "timestamp": "2024-06-28T17:00:51.714803"}
{"class": "Open body language", "probability": 0.39, "probabilities_set1": {"Open body language": 0.952755905511811, "Neutral body language": 0.047244094488188976, "Closed body language": 0.0}, "probabilities_set2": {"Smile": 0, "Eye contact": 0, "Space occupation": 0}, "timestamp": "2024-06-28T17:00:51.768223"}
{"class": "Open body language", "probability": 0.39, "probabilities_set1": {"Open body language": 0.953125, "Neutral body language": 0.046875, "Closed body language": 0.0}, "probabilities_set2": {"Smile": 0, "Eye contact": 0, "Space occupation": 0}, "timestamp": "2024-06-28T17:00:51.821438"}
{"class": "Open body language", "probability": 0.39, "probabilities_set1": {"Open body language": 0.9534883720930233, "Neutral body language": 0.046511627906976744, "Closed body language": 0.0}, "probabilities_set2": {"Smile": 0, "Eye contact": 0, "Space occupation": 0}, "timestamp": "2024-06-28T17:00:51.874000"}
{"class": "Open body language", "probability": 0.38, "probabilities_set1": {"Open body language": 0.9538461538461539, "Neutral body language": 0.046153846153846156, "Closed body language": 0.0}, "probabilities_set2": {"Smile": 0, "Eye contact": 0, "Space occupation": 0}, "timestamp": "2024-06-28T17:00:51.927197"}
{"class": "Open body language", "probability": 0.39, "probabilities_set1": {"Open body language": 0.9541984732824428, "Neutral body language": 0.04580152671755725, "Closed body language": 0.0}, "probabilities_set2": {"Smile": 0, "Eye contact": 0, "Space occupation": 0}, "timestamp": "2024-06-28T17:00:52.035370"}
{"class": "Open body language", "probability": 0.4, "probabilities_set1": {"Open body language": 0.9545454545454546, "Neutral body language": 0.045454545454545456, "Closed body language": 0.0}, "probabilities_set2": {"Smile": 0, "Eye contact": 0, "Space occupation": 0}, "timestamp": "2024-06-28T17:00:52.087874"}
{"class": "Open body language", "probability": 0.4, "probabilities_set1": {"Open body language": 0.9548872180451128, "Neutral body language": 0.045112781954887216, "Closed body language": 0.0}, "probabilities_set2": {"Smile": 0, "Eye contact": 0, "Space occupation": 0}, "timestamp": "2024-06-28T17:00:52.140165"}
{"class": "Open body language", "probability": 0.4, "probabilities_set1": {"Open body language": 0.9552238805970149, "Neutral body language": 0.04477611940298507, "Closed body language": 0.0}, "probabilities_set2": {"Smile": 0, "Eye contact": 0, "Space occupation": 0}, "timestamp": "2024-06-28T17:00:52.205889"}
{"class": "Open body language", "probability": 0.4, "probabilities_set1": {"Open body language": 0.9555555555555556, "Neutral body language": 0.044444444444444446, "Closed body language": 0.0}, "probabilities_set2": {"Smile": 0, "Eye contact": 0, "Space occupation": 0}, "timestamp": "2024-06-28T17:00:52.267669"}
{"class": "Open body language", "probability": 0.39, "probabilities_set1": {"Open body language": 0.9558823529411765, "Neutral body language": 0.04411764705882353, "Closed body language": 0.0}, "probabilities_set2": {"Smile": 0, "Eye contact": 0, "Space occupation": 0}, "timestamp": "2024-06-28T17:00:52.320255"}
{"class": "Open body language", "probability": 0.4, "probabilities_set1": {"Open body language": 0.9562043795620438, "Neutral body language": 0.043795620437956206, "Closed body language": 0.0}, "probabilities_set2": {"Smile": 0, "Eye contact": 0, "Space occupation": 0}, "timestamp": "2024-06-28T17:00:52.372851"}
{"class": "Open body language", "probability": 0.4, "probabilities_set1": {"Open body language": 0.9565217391304348, "Neutral body language": 0.043478260869565216, "Closed body language": 0.0}, "probabilities_set2": {"Smile": 0, "Eye contact": 0, "Space occupation": 0}, "timestamp": "2024-06-28T17:00:52.425482"}
{"class": "Open body language", "probability": 0.4, "probabilities_set1": {"Open body language": 0.9568345323741008, "Neutral body language": 0.04316546762589928, "Closed body language": 0.0}, "probabilities_set2": {"Smile": 0, "Eye contact": 0, "Space occupation": 0}, "timestamp": "2024-06-28T17:00:52.477854"}
{"class": "Open body language", "probability": 0.4, "probabilities_set1": {"Open body language": 0.9571428571428572, "Neutral body language": 0.04285714285714286, "Closed body language": 0.0}, "probabilities_set2": {"Smile": 0, "Eye contact": 0, "Space occupation": 0}, "timestamp": "2024-06-28T17:00:52.530568"}
{"class": "Open body language", "probability": 0.41, "probabilities_set1": {"Open body language": 0.9574468085106383, "Neutral body language": 0.0425531914893617, "Closed body language": 0.0}, "probabilities_set2": {"Smile": 0, "Eye contact": 0, "Space occupation": 0}, "timestamp": "2024-06-28T17:00:52.583261"}
{"class": "Open body language", "probability": 0.43, "probabilities_set1": {"Open body language": 0.9577464788732394, "Neutral body language": 0.04225352112676056, "Closed body language": 0.0}, "probabilities_set2": {"Smile": 0, "Eye contact": 0, "Space occupation": 0}, "timestamp": "2024-06-28T17:00:52.635135"}
{"class": "Open body language", "probability": 0.45, "probabilities_set1": {"Open body language": 0.958041958041958, "Neutral body language": 0.04195804195804196, "Closed body language": 0.0}, "probabilities_set2": {"Smile": 0, "Eye contact": 0, "Space occupation": 0}, "timestamp": "2024-06-28T17:00:52.688639"}
{"class": "Open body language", "probability": 0.46, "probabilities_set1": {"Open body language": 0.9583333333333334, "Neutral body language": 0.041666666666666664, "Closed body language": 0.0}, "probabilities_set2": {"Smile": 0, "Eye contact": 0, "Space occupation": 0}, "timestamp": "2024-06-28T17:00:52.741027"}
{"class": "Open body language", "probability": 0.46, "probabilities_set1": {"Open body language": 0.9586206896551724, "Neutral body language": 0.041379310344827586, "Closed body language": 0.0}, "probabilities_set2": {"Smile": 0, "Eye contact": 0, "Space occupation": 0}, "timestamp": "2024-06-28T17:00:52.793674"}
{"class": "Open body language", "probability": 0.46, "probabilities_set1": {"Open body language": 0.958904109589041, "Neutral body language": 0.0410958904109589, "Closed body language": 0.0}, "probabilities_set2": {"Smile": 0, "Eye contact": 0, "Space occupation": 0}, "timestamp": "2024-06-28T17:00:52.845843"}
{"class": "Open body language", "probability": 0.47, "probabilities_set1": {"Open body language": 0.9591836734693877, "Neutral body language": 0.04081632653061224, "Closed body language": 0.0}, "probabilities_set2": {"Smile": 0, "Eye contact": 0, "Space occupation": 0}, "timestamp": "2024-06-28T17:00:52.897651"}
{"class": "Open body language", "probability": 0.48, "probabilities_set1": {"Open body language": 0.9594594594594594, "Neutral body language": 0.04054054054054054, "Closed body language": 0.0}, "probabilities_set2": {"Smile": 0, "Eye contact": 0, "Space occupation": 0}, "timestamp": "2024-06-28T17:00:52.949366"}
{"class": "Open body language", "probability": 0.49, "probabilities_set1": {"Open body language": 0.959731543624161, "Neutral body language": 0.040268456375838924, "Closed body language": 0.0}, "probabilities_set2": {"Smile": 0, "Eye contact": 0, "Space occupation": 0}, "timestamp": "2024-06-28T17:00:53.001066"}
{"class": "Open body language", "probability": 0.48, "probabilities_set1": {"Open body language": 0.96, "Neutral body language": 0.04, "Closed body language": 0.0}, "probabilities_set2": {"Smile": 0, "Eye contact": 0, "Space occupation": 0}, "timestamp": "2024-06-28T17:00:53.052834"}
{"class": "Open body language", "probability": 0.48, "probabilities_set1": {"Open body language": 0.9602649006622517, "Neutral body language": 0.039735099337748346, "Closed body language": 0.0}, "probabilities_set2": {"Smile": 0, "Eye contact": 0, "Space occupation": 0}, "timestamp": "2024-06-28T17:00:53.119562"}
{"class": "Open body language", "probability": 0.49, "probabilities_set1": {"Open body language": 0.9605263157894737, "Neutral body language": 0.039473684210526314, "Closed body language": 0.0}, "probabilities_set2": {"Smile": 0, "Eye contact": 0, "Space occupation": 0}, "timestamp": "2024-06-28T17:00:53.171939"}
{"class": "Open body language", "probability": 0.48, "probabilities_set1": {"Open body language": 0.9607843137254902, "Neutral body language": 0.0392156862745098, "Closed body language": 0.0}, "probabilities_set2": {"Smile": 0, "Eye contact": 0, "Space occupation": 0}, "timestamp": "2024-06-28T17:00:53.224063"}
{"class": "Open body language", "probability": 0.48, "probabilities_set1": {"Open body language": 0.961038961038961, "Neutral body language": 0.03896103896103896, "Closed body language": 0.0}, "probabilities_set2": {"Smile": 0, "Eye contact": 0, "Space occupation": 0}, "timestamp": "2024-06-28T17:00:53.280284"}
{"class": "Open body language", "probability": 0.47, "probabilities_set1": {"Open body language": 0.9612903225806452, "Neutral body language": 0.03870967741935484, "Closed body language": 0.0}, "probabilities_set2": {"Smile": 0, "Eye contact": 0, "Space occupation": 0}, "timestamp": "2024-06-28T17:00:53.352253"}
{"class": "Open body language", "probability": 0.47, "probabilities_set1": {"Open body language": 0.9615384615384616, "Neutral body language": 0.038461538461538464, "Closed body language": 0.0}, "probabilities_set2": {"Smile": 0, "Eye contact": 0, "Space occupation": 0}, "timestamp": "2024-06-28T17:00:53.408001"}
{"class": "Open body language", "probability": 0.41, "probabilities_set1": {"Open body language": 0.9617834394904459, "Neutral body language": 0.03821656050955414, "Closed body language": 0.0}, "probabilities_set2": {"Smile": 0, "Eye contact": 0, "Space occupation": 0}, "timestamp": "2024-06-28T17:00:53.460357"}
{"class": "Open body language", "probability": 0.42, "probabilities_set1": {"Open body language": 0.9620253164556962, "Neutral body language": 0.0379746835443038, "Closed body language": 0.0}, "probabilities_set2": {"Smile": 0, "Eye contact": 0, "Space occupation": 0}, "timestamp": "2024-06-28T17:00:53.514513"}
{"class": "Open body language", "probability": 0.42, "probabilities_set1": {"Open body language": 0.9622641509433962, "Neutral body language": 0.03773584905660377, "Closed body language": 0.0}, "probabilities_set2": {"Smile": 0, "Eye contact": 0, "Space occupation": 0}, "timestamp": "2024-06-28T17:00:53.568630"}
{"class": "Open body language", "probability": 0.42, "probabilities_set1": {"Open body language": 0.9625, "Neutral body language": 0.0375, "Closed body language": 0.0}, "probabilities_set2": {"Smile": 0, "Eye contact": 0, "Space occupation": 0}, "timestamp": "2024-06-28T17:00:53.622997"}
{"class": "Open body language", "probability": 0.41, "probabilities_set1": {"Open body language": 0.9627329192546584, "Neutral body language": 0.037267080745341616, "Closed body language": 0.0}, "probabilities_set2": {"Smile": 0, "Eye contact": 0, "Space occupation": 0}, "timestamp": "2024-06-28T17:00:53.678310"}
{"class": "Open body language", "probability": 0.4, "probabilities_set1": {"Open body language": 0.9629629629629629, "Neutral body language": 0.037037037037037035, "Closed body language": 0.0}, "probabilities_set2": {"Smile": 0, "Eye contact": 0, "Space occupation": 0}, "timestamp": "2024-06-28T17:00:53.731501"}
{"class": "Open body language", "probability": 0.4, "probabilities_set1": {"Open body language": 0.9631901840490797, "Neutral body language": 0.03680981595092025, "Closed body language": 0.0}, "probabilities_set2": {"Smile": 0, "Eye contact": 0, "Space occupation": 0}, "timestamp": "2024-06-28T17:00:53.784676"}
{"class": "Open body language", "probability": 0.41, "probabilities_set1": {"Open body language": 0.9634146341463414, "Neutral body language": 0.036585365853658534, "Closed body language": 0.0}, "probabilities_set2": {"Smile": 0, "Eye contact": 0, "Space occupation": 0}, "timestamp": "2024-06-28T17:00:53.837509"}
{"class": "Open body language", "probability": 0.41, "probabilities_set1": {"Open body language": 0.9636363636363636, "Neutral body language": 0.03636363636363636, "Closed body language": 0.0}, "probabilities_set2": {"Smile": 0, "Eye contact": 0, "Space occupation": 0}, "timestamp": "2024-06-28T17:00:53.893296"}
{"class": "Open body language", "probability": 0.41, "probabilities_set1": {"Open body language": 0.963855421686747, "Neutral body language": 0.03614457831325301, "Closed body language": 0.0}, "probabilities_set2": {"Smile": 0, "Eye contact": 0, "Space occupation": 0}, "timestamp": "2024-06-28T17:00:53.947198"}
{"class": "Open body language", "probability": 0.41, "probabilities_set1": {"Open body language": 0.9640718562874252, "Neutral body language": 0.03592814371257485, "Closed body language": 0.0}, "probabilities_set2": {"Smile": 0, "Eye contact": 0, "Space occupation": 0}, "timestamp": "2024-06-28T17:00:54.000134"}
{"class": "Open body language", "probability": 0.41, "probabilities_set1": {"Open body language": 0.9642857142857143, "Neutral body language": 0.03571428571428571, "Closed body language": 0.0}, "probabilities_set2": {"Smile": 0, "Eye contact": 0, "Space occupation": 0}, "timestamp": "2024-06-28T17:00:54.054272"}
{"class": "Open body language", "probability": 0.41, "probabilities_set1": {"Open body language": 0.9644970414201184, "Neutral body language": 0.03550295857988166, "Closed body language": 0.0}, "probabilities_set2": {"Smile": 0, "Eye contact": 0, "Space occupation": 0}, "timestamp": "2024-06-28T17:00:54.106885"}
{"class": "Open body language", "probability": 0.41, "probabilities_set1": {"Open body language": 0.9647058823529412, "Neutral body language": 0.03529411764705882, "Closed body language": 0.0}, "probabilities_set2": {"Smile": 0, "Eye contact": 0, "Space occupation": 0}, "timestamp": "2024-06-28T17:00:54.160291"}
{"class": "Open body language", "probability": 0.41, "probabilities_set1": {"Open body language": 0.9649122807017544, "Neutral body language": 0.03508771929824561, "Closed body language": 0.0}, "probabilities_set2": {"Smile": 0, "Eye contact": 0, "Space occupation": 0}, "timestamp": "2024-06-28T17:00:54.212152"}
{"class": "Open body language", "probability": 0.41, "probabilities_set1": {"Open body language": 0.9651162790697675, "Neutral body language": 0.03488372093023256, "Closed body language": 0.0}, "probabilities_set2": {"Smile": 0, "Eye contact": 0, "Space occupation": 0}, "timestamp": "2024-06-28T17:00:54.263804"}
{"class": "Open body language", "probability": 0.41, "probabilities_set1": {"Open body language": 0.9653179190751445, "Neutral body language": 0.03468208092485549, "Closed body language": 0.0}, "probabilities_set2": {"Smile": 0, "Eye contact": 0, "Space occupation": 0}, "timestamp": "2024-06-28T17:00:54.315810"}
{"class": "Open body language", "probability": 0.41, "probabilities_set1": {"Open body language": 0.9655172413793104, "Neutral body language": 0.034482758620689655, "Closed body language": 0.0}, "probabilities_set2": {"Smile": 0, "Eye contact": 0, "Space occupation": 0}, "timestamp": "2024-06-28T17:00:54.368135"}
{"class": "Open body language", "probability": 0.41, "probabilities_set1": {"Open body language": 0.9657142857142857, "Neutral body language": 0.03428571428571429, "Closed body language": 0.0}, "probabilities_set2": {"Smile": 0, "Eye contact": 0, "Space occupation": 0}, "timestamp": "2024-06-28T17:00:54.421556"}
{"class": "Open body language", "probability": 0.4, "probabilities_set1": {"Open body language": 0.9659090909090909, "Neutral body language": 0.03409090909090909, "Closed body language": 0.0}, "probabilities_set2": {"Smile": 0, "Eye contact": 0, "Space occupation": 0}, "timestamp": "2024-06-28T17:00:54.473220"}
{"class": "Open body language", "probability": 0.41, "probabilities_set1": {"Open body language": 0.9661016949152542, "Neutral body language": 0.03389830508474576, "Closed body language": 0.0}, "probabilities_set2": {"Smile": 0, "Eye contact": 0, "Space occupation": 0}, "timestamp": "2024-06-28T17:00:54.575417"}
{"class": "Open body language", "probability": 0.41, "probabilities_set1": {"Open body language": 0.9662921348314607, "Neutral body language": 0.033707865168539325, "Closed body language": 0.0}, "probabilities_set2": {"Smile": 0, "Eye contact": 0, "Space occupation": 0}, "timestamp": "2024-06-28T17:00:54.627430"}
{"class": "Open body language", "probability": 0.42, "probabilities_set1": {"Open body language": 0.9664804469273743, "Neutral body language": 0.0335195530726257, "Closed body language": 0.0}, "probabilities_set2": {"Smile": 0, "Eye contact": 0, "Space occupation": 0}, "timestamp": "2024-06-28T17:00:54.679124"}
{"class": "Open body language", "probability": 0.42, "probabilities_set1": {"Open body language": 0.9666666666666667, "Neutral body language": 0.03333333333333333, "Closed body language": 0.0}, "probabilities_set2": {"Smile": 0, "Eye contact": 0, "Space occupation": 0}, "timestamp": "2024-06-28T17:00:54.732762"}
{"class": "Open body language", "probability": 0.42, "probabilities_set1": {"Open body language": 0.9668508287292817, "Neutral body language": 0.03314917127071823, "Closed body language": 0.0}, "probabilities_set2": {"Smile": 0, "Eye contact": 0, "Space occupation": 0}, "timestamp": "2024-06-28T17:00:54.784982"}
{"class": "Open body language", "probability": 0.42, "probabilities_set1": {"Open body language": 0.967032967032967, "Neutral body language": 0.03296703296703297, "Closed body language": 0.0}, "probabilities_set2": {"Smile": 0, "Eye contact": 0, "Space occupation": 0}, "timestamp": "2024-06-28T17:00:54.836404"}
{"class": "Open body language", "probability": 0.42, "probabilities_set1": {"Open body language": 0.9672131147540983, "Neutral body language": 0.03278688524590164, "Closed body language": 0.0}, "probabilities_set2": {"Smile": 0, "Eye contact": 0, "Space occupation": 0}, "timestamp": "2024-06-28T17:00:54.888133"}
{"class": "Open body language", "probability": 0.4, "probabilities_set1": {"Open body language": 0.967391304347826, "Neutral body language": 0.03260869565217391, "Closed body language": 0.0}, "probabilities_set2": {"Smile": 0, "Eye contact": 0, "Space occupation": 0}, "timestamp": "2024-06-28T17:00:54.940500"}
{"class": "Open body language", "probability": 0.41, "probabilities_set1": {"Open body language": 0.9675675675675676, "Neutral body language": 0.032432432432432434, "Closed body language": 0.0}, "probabilities_set2": {"Smile": 0, "Eye contact": 0, "Space occupation": 0}, "timestamp": "2024-06-28T17:00:54.993128"}
{"class": "Open body language", "probability": 0.4, "probabilities_set1": {"Open body language": 0.967741935483871, "Neutral body language": 0.03225806451612903, "Closed body language": 0.0}, "probabilities_set2": {"Smile": 0, "Eye contact": 0, "Space occupation": 0}, "timestamp": "2024-06-28T17:00:55.044905"}
{"class": "Open body language", "probability": 0.41, "probabilities_set1": {"Open body language": 0.9679144385026738, "Neutral body language": 0.03208556149732621, "Closed body language": 0.0}, "probabilities_set2": {"Smile": 0, "Eye contact": 0, "Space occupation": 0}, "timestamp": "2024-06-28T17:00:55.096328"}
{"class": "Open body language", "probability": 0.41, "probabilities_set1": {"Open body language": 0.9680851063829787, "Neutral body language": 0.031914893617021274, "Closed body language": 0.0}, "probabilities_set2": {"Smile": 0, "Eye contact": 0, "Space occupation": 0}, "timestamp": "2024-06-28T17:00:55.148030"}
{"class": "Open body language", "probability": 0.39, "probabilities_set1": {"Open body language": 1.0, "Neutral body language": 0.0, "Closed body language": 0.0}, "probabilities_set2": {"Smile": 0, "Eye contact": 0, "Space occupation": 0}, "timestamp": "2024-06-28T17:06:29.314112"}
{"class": "Open body language", "probability": 0.35, "probabilities_set1": {"Open body language": 1.0, "Neutral body language": 0.0, "Closed body language": 0.0}, "probabilities_set2": {"Smile": 0, "Eye contact": 0, "Space occupation": 0}, "timestamp": "2024-06-28T17:06:29.370206"}
{"class": "Neutral body language", "probability": 0.33, "probabilities_set1": {"Open body language": 0.6666666666666666, "Neutral body language": 0.3333333333333333, "Closed body language": 0.0}, "probabilities_set2": {"Smile": 0, "Eye contact": 0, "Space occupation": 0}, "timestamp": "2024-06-28T17:06:29.448737"}
{"class": "Neutral body language", "probability": 0.34, "probabilities_set1": {"Open body language": 0.5, "Neutral body language": 0.5, "Closed body language": 0.0}, "probabilities_set2": {"Smile": 0, "Eye contact": 0, "Space occupation": 0}, "timestamp": "2024-06-28T17:06:29.506533"}
{"class": "Neutral body language", "probability": 0.36, "probabilities_set1": {"Open body language": 0.4, "Neutral body language": 0.6, "Closed body language": 0.0}, "probabilities_set2": {"Smile": 0, "Eye contact": 0, "Space occupation": 0}, "timestamp": "2024-06-28T17:06:29.561496"}
{"class": "Open body language", "probability": 0.34, "probabilities_set1": {"Open body language": 0.5, "Neutral body language": 0.5, "Closed body language": 0.0}, "probabilities_set2": {"Smile": 0, "Eye contact": 0, "Space occupation": 0}, "timestamp": "2024-06-28T17:06:29.630974"}
{"class": "Open body language", "probability": 0.35, "probabilities_set1": {"Open body language": 0.5714285714285714, "Neutral body language": 0.42857142857142855, "Closed body language": 0.0}, "probabilities_set2": {"Smile": 0, "Eye contact": 0, "Space occupation": 0}, "timestamp": "2024-06-28T17:06:29.684894"}
{"class": "Open body language", "probability": 0.39, "probabilities_set1": {"Open body language": 0.625, "Neutral body language": 0.375, "Closed body language": 0.0}, "probabilities_set2": {"Smile": 0, "Eye contact": 0, "Space occupation": 0}, "timestamp": "2024-06-28T17:06:29.737755"}
{"class": "Open body language", "probability": 0.39, "probabilities_set1": {"Open body language": 0.6666666666666666, "Neutral body language": 0.3333333333333333, "Closed body language": 0.0}, "probabilities_set2": {"Smile": 0, "Eye contact": 0, "Space occupation": 0}, "timestamp": "2024-06-28T17:06:29.790344"}
{"class": "Open body language", "probability": 0.4, "probabilities_set1": {"Open body language": 0.7, "Neutral body language": 0.3, "Closed body language": 0.0}, "probabilities_set2": {"Smile": 0, "Eye contact": 0, "Space occupation": 0}, "timestamp": "2024-06-28T17:06:29.841930"}
{"class": "Open body language", "probability": 0.39, "probabilities_set1": {"Open body language": 0.7272727272727273, "Neutral body language": 0.2727272727272727, "Closed body language": 0.0}, "probabilities_set2": {"Smile": 0, "Eye contact": 0, "Space occupation": 0}, "timestamp": "2024-06-28T17:06:29.893845"}
{"class": "Open body language", "probability": 0.4, "probabilities_set1": {"Open body language": 0.75, "Neutral body language": 0.25, "Closed body language": 0.0}, "probabilities_set2": {"Smile": 0, "Eye contact": 0, "Space occupation": 0}, "timestamp": "2024-06-28T17:06:29.944649"}
{"class": "Open body language", "probability": 0.4, "probabilities_set1": {"Open body language": 0.7692307692307693, "Neutral body language": 0.23076923076923078, "Closed body language": 0.0}, "probabilities_set2": {"Smile": 0, "Eye contact": 0, "Space occupation": 0}, "timestamp": "2024-06-28T17:06:29.995260"}
{"class": "Open body language", "probability": 0.39, "probabilities_set1": {"Open body language": 0.7857142857142857, "Neutral body language": 0.21428571428571427, "Closed body language": 0.0}, "probabilities_set2": {"Smile": 0, "Eye contact": 0, "Space occupation": 0}, "timestamp": "2024-06-28T17:06:30.045799"}
{"class": "Open body language", "probability": 0.39, "probabilities_set1": {"Open body language": 0.8, "Neutral body language": 0.2, "Closed body language": 0.0}, "probabilities_set2": {"Smile": 0, "Eye contact": 0, "Space occupation": 0}, "timestamp": "2024-06-28T17:06:30.096461"}
{"class": "Open body language", "probability": 0.4, "probabilities_set1": {"Open body language": 0.8125, "Neutral body language": 0.1875, "Closed body language": 0.0}, "probabilities_set2": {"Smile": 0, "Eye contact": 0, "Space occupation": 0}, "timestamp": "2024-06-28T17:06:30.150369"}
{"class": "Open body language", "probability": 0.39, "probabilities_set1": {"Open body language": 0.8235294117647058, "Neutral body language": 0.17647058823529413, "Closed body language": 0.0}, "probabilities_set2": {"Smile": 0, "Eye contact": 0, "Space occupation": 0}, "timestamp": "2024-06-28T17:06:30.202553"}
{"class": "Open body language", "probability": 0.4, "probabilities_set1": {"Open body language": 0.8333333333333334, "Neutral body language": 0.16666666666666666, "Closed body language": 0.0}, "probabilities_set2": {"Smile": 0, "Eye contact": 0, "Space occupation": 0}, "timestamp": "2024-06-28T17:06:30.253260"}
{"class": "Open body language", "probability": 0.4, "probabilities_set1": {"Open body language": 0.8421052631578947, "Neutral body language": 0.15789473684210525, "Closed body language": 0.0}, "probabilities_set2": {"Smile": 0, "Eye contact": 0, "Space occupation": 0}, "timestamp": "2024-06-28T17:06:30.303629"}
{"class": "Open body language", "probability": 0.4, "probabilities_set1": {"Open body language": 0.85, "Neutral body language": 0.15, "Closed body language": 0.0}, "probabilities_set2": {"Smile": 0, "Eye contact": 0, "Space occupation": 0}, "timestamp": "2024-06-28T17:06:30.354444"}
{"class": "Open body language", "probability": 0.39, "probabilities_set1": {"Open body language": 0.8571428571428571, "Neutral body language": 0.14285714285714285, "Closed body language": 0.0}, "probabilities_set2": {"Smile": 0, "Eye contact": 0, "Space occupation": 0}, "timestamp": "2024-06-28T17:06:30.442550"}
{"class": "Open body language", "probability": 0.4, "probabilities_set1": {"Open body language": 0.8636363636363636, "Neutral body language": 0.13636363636363635, "Closed body language": 0.0}, "probabilities_set2": {"Smile": 0, "Eye contact": 0, "Space occupation": 0}, "timestamp": "2024-06-28T17:06:30.495887"}
{"class": "Open body language", "probability": 0.39, "probabilities_set1": {"Open body language": 0.8695652173913043, "Neutral body language": 0.13043478260869565, "Closed body language": 0.0}, "probabilities_set2": {"Smile": 0, "Eye contact": 0, "Space occupation": 0}, "timestamp": "2024-06-28T17:06:30.550754"}
{"class": "Open body language", "probability": 0.39, "probabilities_set1": {"Open body language": 0.875, "Neutral body language": 0.125, "Closed body language": 0.0}, "probabilities_set2": {"Smile": 0, "Eye contact": 0, "Space occupation": 0}, "timestamp": "2024-06-28T17:06:30.605160"}
{"class": "Open body language", "probability": 0.39, "probabilities_set1": {"Open body language": 0.88, "Neutral body language": 0.12, "Closed body language": 0.0}, "probabilities_set2": {"Smile": 0, "Eye contact": 0, "Space occupation": 0}, "timestamp": "2024-06-28T17:06:30.658405"}
{"class": "Open body language", "probability": 0.39, "probabilities_set1": {"Open body language": 0.8846153846153846, "Neutral body language": 0.11538461538461539, "Closed body language": 0.0}, "probabilities_set2": {"Smile": 0, "Eye contact": 0, "Space occupation": 0}, "timestamp": "2024-06-28T17:06:30.712248"}
{"class": "Open body language", "probability": 0.39, "probabilities_set1": {"Open body language": 0.8888888888888888, "Neutral body language": 0.1111111111111111, "Closed body language": 0.0}, "probabilities_set2": {"Smile": 0, "Eye contact": 0, "Space occupation": 0}, "timestamp": "2024-06-28T17:06:30.765440"}
{"class": "Open body language", "probability": 0.4, "probabilities_set1": {"Open body language": 0.8928571428571429, "Neutral body language": 0.10714285714285714, "Closed body language": 0.0}, "probabilities_set2": {"Smile": 0, "Eye contact": 0, "Space occupation": 0}, "timestamp": "2024-06-28T17:06:30.819171"}
{"class": "Open body language", "probability": 0.4, "probabilities_set1": {"Open body language": 0.896551724137931, "Neutral body language": 0.10344827586206896, "Closed body language": 0.0}, "probabilities_set2": {"Smile": 0, "Eye contact": 0, "Space occupation": 0}, "timestamp": "2024-06-28T17:06:30.871863"}
{"class": "Open body language", "probability": 0.4, "probabilities_set1": {"Open body language": 0.9, "Neutral body language": 0.1, "Closed body language": 0.0}, "probabilities_set2": {"Smile": 0, "Eye contact": 0, "Space occupation": 0}, "timestamp": "2024-06-28T17:06:30.924192"}
{"class": "Open body language", "probability": 0.4, "probabilities_set1": {"Open body language": 0.9032258064516129, "Neutral body language": 0.0967741935483871, "Closed body language": 0.0}, "probabilities_set2": {"Smile": 0, "Eye contact": 0, "Space occupation": 0}, "timestamp": "2024-06-28T17:06:30.976369"}
{"class": "Open body language", "probability": 0.4, "probabilities_set1": {"Open body language": 0.90625, "Neutral body language": 0.09375, "Closed body language": 0.0}, "probabilities_set2": {"Smile": 0, "Eye contact": 0, "Space occupation": 0}, "timestamp": "2024-06-28T17:06:31.028427"}
{"class": "Open body language", "probability": 0.4, "probabilities_set1": {"Open body language": 0.9090909090909091, "Neutral body language": 0.09090909090909091, "Closed body language": 0.0}, "probabilities_set2": {"Smile": 0, "Eye contact": 0, "Space occupation": 0}, "timestamp": "2024-06-28T17:06:31.079896"}
{"class": "Open body language", "probability": 0.4, "probabilities_set1": {"Open body language": 0.9117647058823529, "Neutral body language": 0.08823529411764706, "Closed body language": 0.0}, "probabilities_set2": {"Smile": 0, "Eye contact": 0, "Space occupation": 0}, "timestamp": "2024-06-28T17:06:31.130971"}
{"class": "Open body language", "probability": 0.4, "probabilities_set1": {"Open body language": 0.9142857142857143, "Neutral body language": 0.08571428571428572, "Closed body language": 0.0}, "probabilities_set2": {"Smile": 0, "Eye contact": 0, "Space occupation": 0}, "timestamp": "2024-06-28T17:06:31.183798"}
{"class": "Open body language", "probability": 0.4, "probabilities_set1": {"Open body language": 0.9166666666666666, "Neutral body language": 0.08333333333333333, "Closed body language": 0.0}, "probabilities_set2": {"Smile": 0, "Eye contact": 0, "Space occupation": 0}, "timestamp": "2024-06-28T17:06:31.235361"}
{"class": "Open body language", "probability": 0.4, "probabilities_set1": {"Open body language": 0.918918918918919, "Neutral body language": 0.08108108108108109, "Closed body language": 0.0}, "probabilities_set2": {"Smile": 0, "Eye contact": 0, "Space occupation": 0}, "timestamp": "2024-06-28T17:06:31.286131"}
{"class": "Open body language", "probability": 0.4, "probabilities_set1": {"Open body language": 0.9210526315789473, "Neutral body language": 0.07894736842105263, "Closed body language": 0.0}, "probabilities_set2": {"Smile": 0, "Eye contact": 0, "Space occupation": 0}, "timestamp": "2024-06-28T17:06:31.336873"}
{"class": "Open body language", "probability": 0.4, "probabilities_set1": {"Open body language": 0.9230769230769231, "Neutral body language": 0.07692307692307693, "Closed body language": 0.0}, "probabilities_set2": {"Smile": 0, "Eye contact": 0, "Space occupation": 0}, "timestamp": "2024-06-28T17:06:31.388156"}
{"class": "Open body language", "probability": 0.4, "probabilities_set1": {"Open body language": 0.925, "Neutral body language": 0.075, "Closed body language": 0.0}, "probabilities_set2": {"Smile": 0, "Eye contact": 0, "Space occupation": 0}, "timestamp": "2024-06-28T17:06:31.439292"}
{"class": "Open body language", "probability": 0.4, "probabilities_set1": {"Open body language": 0.926829268292683, "Neutral body language": 0.07317073170731707, "Closed body language": 0.0}, "probabilities_set2": {"Smile": 0, "Eye contact": 0, "Space occupation": 0}, "timestamp": "2024-06-28T17:06:31.491931"}
{"class": "Open body language", "probability": 0.4, "probabilities_set1": {"Open body language": 0.9285714285714286, "Neutral body language": 0.07142857142857142, "Closed body language": 0.0}, "probabilities_set2": {"Smile": 0, "Eye contact": 0, "Space occupation": 0}, "timestamp": "2024-06-28T17:06:31.543061"}
{"class": "Open body language", "probability": 0.39, "probabilities_set1": {"Open body language": 0.9302325581395349, "Neutral body language": 0.06976744186046512, "Closed body language": 0.0}, "probabilities_set2": {"Smile": 0, "Eye contact": 0, "Space occupation": 0}, "timestamp": "2024-06-28T17:06:31.594329"}
{"class": "Open body language", "probability": 0.39, "probabilities_set1": {"Open body language": 0.9318181818181818, "Neutral body language": 0.06818181818181818, "Closed body language": 0.0}, "probabilities_set2": {"Smile": 0, "Eye contact": 0, "Space occupation": 0}, "timestamp": "2024-06-28T17:06:31.648432"}
{"class": "Open body language", "probability": 0.39, "probabilities_set1": {"Open body language": 0.9333333333333333, "Neutral body language": 0.06666666666666667, "Closed body language": 0.0}, "probabilities_set2": {"Smile": 0, "Eye contact": 0, "Space occupation": 0}, "timestamp": "2024-06-28T17:06:31.704285"}
{"class": "Open body language", "probability": 0.39, "probabilities_set1": {"Open body language": 0.9347826086956522, "Neutral body language": 0.06521739130434782, "Closed body language": 0.0}, "probabilities_set2": {"Smile": 0, "Eye contact": 0, "Space occupation": 0}, "timestamp": "2024-06-28T17:06:31.755308"}
{"class": "Open body language", "probability": 0.39, "probabilities_set1": {"Open body language": 0.9361702127659575, "Neutral body language": 0.06382978723404255, "Closed body language": 0.0}, "probabilities_set2": {"Smile": 0, "Eye contact": 0, "Space occupation": 0}, "timestamp": "2024-06-28T17:06:31.809012"}
{"class": "Open body language", "probability": 0.39, "probabilities_set1": {"Open body language": 0.9375, "Neutral body language": 0.0625, "Closed body language": 0.0}, "probabilities_set2": {"Smile": 0, "Eye contact": 0, "Space occupation": 0}, "timestamp": "2024-06-28T17:06:31.861110"}
{"class": "Open body language", "probability": 0.38, "probabilities_set1": {"Open body language": 0.9387755102040817, "Neutral body language": 0.061224489795918366, "Closed body language": 0.0}, "probabilities_set2": {"Smile": 0, "Eye contact": 0, "Space occupation": 0}, "timestamp": "2024-06-28T17:06:31.914046"}
{"class": "Open body language", "probability": 0.38, "probabilities_set1": {"Open body language": 0.94, "Neutral body language": 0.06, "Closed body language": 0.0}, "probabilities_set2": {"Smile": 0, "Eye contact": 0, "Space occupation": 0}, "timestamp": "2024-06-28T17:06:31.966686"}
{"class": "Open body language", "probability": 0.38, "probabilities_set1": {"Open body language": 0.9411764705882353, "Neutral body language": 0.058823529411764705, "Closed body language": 0.0}, "probabilities_set2": {"Smile": 0, "Eye contact": 0, "Space occupation": 0}, "timestamp": "2024-06-28T17:06:32.018973"}
{"class": "Open body language", "probability": 0.38, "probabilities_set1": {"Open body language": 0.9423076923076923, "Neutral body language": 0.057692307692307696, "Closed body language": 0.0}, "probabilities_set2": {"Smile": 0, "Eye contact": 0, "Space occupation": 0}, "timestamp": "2024-06-28T17:06:32.077850"}
{"class": "Open body language", "probability": 0.38, "probabilities_set1": {"Open body language": 0.9433962264150944, "Neutral body language": 0.05660377358490566, "Closed body language": 0.0}, "probabilities_set2": {"Smile": 0, "Eye contact": 0, "Space occupation": 0}, "timestamp": "2024-06-28T17:06:32.131678"}
{"class": "Open body language", "probability": 0.4, "probabilities_set1": {"Open body language": 0.9444444444444444, "Neutral body language": 0.05555555555555555, "Closed body language": 0.0}, "probabilities_set2": {"Smile": 0, "Eye contact": 0, "Space occupation": 0}, "timestamp": "2024-06-28T17:06:32.185055"}
{"class": "Open body language", "probability": 0.41, "probabilities_set1": {"Open body language": 0.9454545454545454, "Neutral body language": 0.05454545454545454, "Closed body language": 0.0}, "probabilities_set2": {"Smile": 0, "Eye contact": 0, "Space occupation": 0}, "timestamp": "2024-06-28T17:06:32.238115"}
{"class": "Open body language", "probability": 0.42, "probabilities_set1": {"Open body language": 0.9464285714285714, "Neutral body language": 0.05357142857142857, "Closed body language": 0.0}, "probabilities_set2": {"Smile": 0, "Eye contact": 0, "Space occupation": 0}, "timestamp": "2024-06-28T17:06:32.291322"}
{"class": "Open body language", "probability": 0.42, "probabilities_set1": {"Open body language": 0.9473684210526315, "Neutral body language": 0.05263157894736842, "Closed body language": 0.0}, "probabilities_set2": {"Smile": 0, "Eye contact": 0, "Space occupation": 0}, "timestamp": "2024-06-28T17:06:32.345233"}
{"class": "Open body language", "probability": 0.42, "probabilities_set1": {"Open body language": 0.9482758620689655, "Neutral body language": 0.05172413793103448, "Closed body language": 0.0}, "probabilities_set2": {"Smile": 0, "Eye contact": 0, "Space occupation": 0}, "timestamp": "2024-06-28T17:06:32.398759"}
{"class": "Open body language", "probability": 0.42, "probabilities_set1": {"Open body language": 0.9491525423728814, "Neutral body language": 0.05084745762711865, "Closed body language": 0.0}, "probabilities_set2": {"Smile": 0, "Eye contact": 0, "Space occupation": 0}, "timestamp": "2024-06-28T17:06:32.452213"}
{"class": "Open body language", "probability": 0.41, "probabilities_set1": {"Open body language": 0.95, "Neutral body language": 0.05, "Closed body language": 0.0}, "probabilities_set2": {"Smile": 0, "Eye contact": 0, "Space occupation": 0}, "timestamp": "2024-06-28T17:06:32.504767"}
{"class": "Open body language", "probability": 0.42, "probabilities_set1": {"Open body language": 0.9508196721311475, "Neutral body language": 0.04918032786885246, "Closed body language": 0.0}, "probabilities_set2": {"Smile": 0, "Eye contact": 0, "Space occupation": 0}, "timestamp": "2024-06-28T17:06:32.558094"}
{"class": "Open body language", "probability": 0.42, "probabilities_set1": {"Open body language": 0.9516129032258065, "Neutral body language": 0.04838709677419355, "Closed body language": 0.0}, "probabilities_set2": {"Smile": 0, "Eye contact": 0, "Space occupation": 0}, "timestamp": "2024-06-28T17:06:32.610761"}
{"class": "Open body language", "probability": 0.41, "probabilities_set1": {"Open body language": 0.9523809523809523, "Neutral body language": 0.047619047619047616, "Closed body language": 0.0}, "probabilities_set2": {"Smile": 0, "Eye contact": 0, "Space occupation": 0}, "timestamp": "2024-06-28T17:06:32.749808"}
{"class": "Open body language", "probability": 0.41, "probabilities_set1": {"Open body language": 0.953125, "Neutral body language": 0.046875, "Closed body language": 0.0}, "probabilities_set2": {"Smile": 0, "Eye contact": 0, "Space occupation": 0}, "timestamp": "2024-06-28T17:06:32.803774"}
{"class": "Open body language", "probability": 0.4, "probabilities_set1": {"Open body language": 0.9538461538461539, "Neutral body language": 0.046153846153846156, "Closed body language": 0.0}, "probabilities_set2": {"Smile": 0, "Eye contact": 0, "Space occupation": 0}, "timestamp": "2024-06-28T17:06:32.858915"}
{"class": "Open body language", "probability": 0.41, "probabilities_set1": {"Open body language": 0.9545454545454546, "Neutral body language": 0.045454545454545456, "Closed body language": 0.0}, "probabilities_set2": {"Smile": 0, "Eye contact": 0, "Space occupation": 0}, "timestamp": "2024-06-28T17:06:32.912201"}
{"class": "Open body language", "probability": 0.41, "probabilities_set1": {"Open body language": 0.9552238805970149, "Neutral body language": 0.04477611940298507, "Closed body language": 0.0}, "probabilities_set2": {"Smile": 0, "Eye contact": 0, "Space occupation": 0}, "timestamp": "2024-06-28T17:06:32.965537"}
{"class": "Open body language", "probability": 0.41, "probabilities_set1": {"Open body language": 0.9558823529411765, "Neutral body language": 0.04411764705882353, "Closed body language": 0.0}, "probabilities_set2": {"Smile": 0, "Eye contact": 0, "Space occupation": 0}, "timestamp": "2024-06-28T17:06:33.020193"}
{"class": "Open body language", "probability": 0.42, "probabilities_set1": {"Open body language": 0.9565217391304348, "Neutral body language": 0.043478260869565216, "Closed body language": 0.0}, "probabilities_set2": {"Smile": 0, "Eye contact": 0, "Space occupation": 0}, "timestamp": "2024-06-28T17:06:33.109073"}
{"class": "Open body language", "probability": 0.42, "probabilities_set1": {"Open body language": 0.9571428571428572, "Neutral body language": 0.04285714285714286, "Closed body language": 0.0}, "probabilities_set2": {"Smile": 0, "Eye contact": 0, "Space occupation": 0}, "timestamp": "2024-06-28T17:06:33.161076"}
{"class": "Open body language", "probability": 0.42, "probabilities_set1": {"Open body language": 0.9577464788732394, "Neutral body language": 0.04225352112676056, "Closed body language": 0.0}, "probabilities_set2": {"Smile": 0, "Eye contact": 0, "Space occupation": 0}, "timestamp": "2024-06-28T17:06:33.215182"}
{"class": "Open body language", "probability": 0.42, "probabilities_set1": {"Open body language": 0.9583333333333334, "Neutral body language": 0.041666666666666664, "Closed body language": 0.0}, "probabilities_set2": {"Smile": 0, "Eye contact": 0, "Space occupation": 0}, "timestamp": "2024-06-28T17:06:33.268848"}
{"class": "Open body language", "probability": 0.41, "probabilities_set1": {"Open body language": 0.958904109589041, "Neutral body language": 0.0410958904109589, "Closed body language": 0.0}, "probabilities_set2": {"Smile": 0, "Eye contact": 0, "Space occupation": 0}, "timestamp": "2024-06-28T17:06:33.322236"}
{"class": "Open body language", "probability": 0.42, "probabilities_set1": {"Open body language": 0.9594594594594594, "Neutral body language": 0.04054054054054054, "Closed body language": 0.0}, "probabilities_set2": {"Smile": 0, "Eye contact": 0, "Space occupation": 0}, "timestamp": "2024-06-28T17:06:33.375559"}
{"class": "Open body language", "probability": 0.42, "probabilities_set1": {"Open body language": 0.96, "Neutral body language": 0.04, "Closed body language": 0.0}, "probabilities_set2": {"Smile": 0, "Eye contact": 0, "Space occupation": 0}, "timestamp": "2024-06-28T17:06:33.428634"}
{"class": "Open body language", "probability": 0.42, "probabilities_set1": {"Open body language": 0.9605263157894737, "Neutral body language": 0.039473684210526314, "Closed body language": 0.0}, "probabilities_set2": {"Smile": 0, "Eye contact": 0, "Space occupation": 0}, "timestamp": "2024-06-28T17:06:33.481287"}
{"class": "Open body language", "probability": 0.42, "probabilities_set1": {"Open body language": 0.961038961038961, "Neutral body language": 0.03896103896103896, "Closed body language": 0.0}, "probabilities_set2": {"Smile": 0, "Eye contact": 0, "Space occupation": 0}, "timestamp": "2024-06-28T17:06:33.533616"}
{"class": "Open body language", "probability": 0.41, "probabilities_set1": {"Open body language": 0.9615384615384616, "Neutral body language": 0.038461538461538464, "Closed body language": 0.0}, "probabilities_set2": {"Smile": 0, "Eye contact": 0, "Space occupation": 0}, "timestamp": "2024-06-28T17:06:33.586059"}
{"class": "Open body language", "probability": 0.42, "probabilities_set1": {"Open body language": 0.9620253164556962, "Neutral body language": 0.0379746835443038, "Closed body language": 0.0}, "probabilities_set2": {"Smile": 0, "Eye contact": 0, "Space occupation": 0}, "timestamp": "2024-06-28T17:06:33.638149"}
{"class": "Open body language", "probability": 0.41, "probabilities_set1": {"Open body language": 0.9625, "Neutral body language": 0.0375, "Closed body language": 0.0}, "probabilities_set2": {"Smile": 0, "Eye contact": 0, "Space occupation": 0}, "timestamp": "2024-06-28T17:06:33.697007"}
{"class": "Open body language", "probability": 0.41, "probabilities_set1": {"Open body language": 0.9629629629629629, "Neutral body language": 0.037037037037037035, "Closed body language": 0.0}, "probabilities_set2": {"Smile": 0, "Eye contact": 0, "Space occupation": 0}, "timestamp": "2024-06-28T17:06:33.763433"}
{"class": "Open body language", "probability": 0.4, "probabilities_set1": {"Open body language": 0.9634146341463414, "Neutral body language": 0.036585365853658534, "Closed body language": 0.0}, "probabilities_set2": {"Smile": 0, "Eye contact": 0, "Space occupation": 0}, "timestamp": "2024-06-28T17:06:33.815672"}
{"class": "Open body language", "probability": 0.41, "probabilities_set1": {"Open body language": 0.963855421686747, "Neutral body language": 0.03614457831325301, "Closed body language": 0.0}, "probabilities_set2": {"Smile": 0, "Eye contact": 0, "Space occupation": 0}, "timestamp": "2024-06-28T17:06:33.868268"}
{"class": "Open body language", "probability": 0.41, "probabilities_set1": {"Open body language": 0.9642857142857143, "Neutral body language": 0.03571428571428571, "Closed body language": 0.0}, "probabilities_set2": {"Smile": 0, "Eye contact": 0, "Space occupation": 0}, "timestamp": "2024-06-28T17:06:33.920871"}
{"class": "Open body language", "probability": 0.4, "probabilities_set1": {"Open body language": 0.9647058823529412, "Neutral body language": 0.03529411764705882, "Closed body language": 0.0}, "probabilities_set2": {"Smile": 0, "Eye contact": 0, "Space occupation": 0}, "timestamp": "2024-06-28T17:06:33.972870"}
{"class": "Open body language", "probability": 0.42, "probabilities_set1": {"Open body language": 0.9651162790697675, "Neutral body language": 0.03488372093023256, "Closed body language": 0.0}, "probabilities_set2": {"Smile": 0, "Eye contact": 0, "Space occupation": 0}, "timestamp": "2024-06-28T17:06:34.025277"}
{"class": "Open body language", "probability": 0.42, "probabilities_set1": {"Open body language": 0.9655172413793104, "Neutral body language": 0.034482758620689655, "Closed body language": 0.0}, "probabilities_set2": {"Smile": 0, "Eye contact": 0, "Space occupation": 0}, "timestamp": "2024-06-28T17:06:34.077437"}
{"class": "Open body language", "probability": 0.42, "probabilities_set1": {"Open body language": 0.9659090909090909, "Neutral body language": 0.03409090909090909, "Closed body language": 0.0}, "probabilities_set2": {"Smile": 0, "Eye contact": 0, "Space occupation": 0}, "timestamp": "2024-06-28T17:06:34.130778"}
